Date,Close,Return,Sentiment
2026-07-16,400.3463439941406,1.3826036185691448,0.13293173571726608
2026-07-17,393.08001708984375,-1.8150101813851571,-0.015566447062599586
2026-07-20,401.53411865234375,2.150732979277281,-0.13925883855999394
2026-07-23,380.8630065917969,-2.2442026195170772,-0.0652721794003187
2026-07-24,380.9828186035156,0.03145803337292197,-0.028654362784880327
2026-07-27,388.368896484375,1.9386905446111324,-0.10047967144905516
2026-07-31,463.8468017578125,3.0192821938052727,0.2748914380303838
2026-08-03,486.73370361328125,4.934151053480518,0.23375025122902163
2026-08-05,486.5440673828125,-1.085614791262668,0.12025282033445205
2026-08-06,498.9207458496094,2.5437939328646575,0.15628015300196207
2026-08-07,499.0505065917969,0.026008287542045316,0.15425462499143014
2026-08-10,505.109130859375,1.2140302810139891,0.2407760320673302
2026-08-11,502.86334228515625,-0.44461452724045003,0.1479014641066131
2026-08-12,491.5047302246094,-2.258787051155897,0.045350276066788604
2026-08-13,495.9463806152344,0.903684159579754,0.09324797998124268
2026-08-14,494.4691467285156,-0.2978616125570266,0.19658736705706262
2026-08-17,479.44744873046875,-3.037944449604746,0.33897482942569485
2026-08-18,480.72503662109375,0.2664708914413838,0.17432428143053716
2026-08-19,483.3999938964844,0.5564422635842448,0.040296008868608624
2026-08-20,481.1499938964844,-0.46545304683678346,-0.10723309374103944
2026-08-21,483.239990234375,0.43437521862264017,-0.18329019223650297
2026-08-24,487.30999755859375,0.842233136012771,0.081542847054625
2026-08-25,491.7099914550781,0.9029147603226262,-0.08440816279892858
2026-08-26,496.3699951171875,0.947713844154241,0.10313250626333886
2026-08-27,505.05999755859375,1.7507106648045223,-0.06707878193507592
2026-08-28,513.530029296875,1.677034764032892,0.18073414192584
2026-08-31,507.2900085449219,-1.2151228547426784,0.30876711006699636
2026-09-02,496.82000732421875,-0.8382862523551915,0.19405686507082504
2026-09-03,510.1199951171875,2.6770233881280303,0.03382278445326252
2026-09-04,499.70001220703125,-2.0426532992031676,0.1721832976844679
2026-09-08,493.95001220703125,-1.150690386138653,0.21127626249936465
2026-09-09,491.6499938964844,-0.4656378689556262,0.10294878934307591
2026-09-10,492.44000244140625,0.1606851530009834,0.12593501242648425
2026-09-11,495.6300048828125,0.6477951477521948,0.010506232845057783
2026-09-14,505.4100036621094,1.9732459058061425,0.08906705411529894
2026-09-15,497.1199951171875,-1.640254147099185,-0.3366350263046722
2026-09-16,490.29998779296875,-1.3719036432262244,0.12198153233660733
2026-09-17,497.75,1.5194803982285787,0.19642304506260846
2026-09-18,493.7799987792969,-0.7975893964245362,0.1708526751127742
2026-09-21,501.6099853515625,1.5857237214189634,0.06365660021243535
2026-09-24,497.92999267578125,-0.531373715329686,0.11925088400134772
2026-09-25,516.1699829101562,3.663163597829633,0.0754566441341112
2026-09-28,509.2200012207031,-1.3464521222774861,0.0877764896202357
2026-09-30,512.9000244140625,0.774134121568193,-0.055110049028045095
2026-10-01,512.7999877929688,-0.019504117046598157,0.0157121822211734
2026-10-02,517.530029296875,0.9223950110185841,0.03399695711157901
2026-10-05,525.1799926757812,1.4781680184432267,0.13307087595603662
2026-10-07,529.760009765625,0.08691138924343811,0.25697677499718136
2026-10-08,522.6099853515625,-1.3496723577201997,0.2063581538789619
